time,open,high,low,close,volume,Dividends,Stock Splits
2025-08-19,114.17371398967546,116.0346578977441,113.81131725059812,115.56452178955078,6379189,0.0,0.0
2025-08-20,115.57431974312814,116.73985976565517,114.84953372858126,115.18254089355469,4447063,0.0,0.0
2025-08-21,115.19233551630103,116.45581836220352,114.50672814529652,114.7026138305664,8729215,0.0,0.0
2025-08-22,114.69281557695876,121.58809770494821,114.64384789265883,121.03961181640625,42581254,0.0,0.0
2025-08-25,121.03961203252324,121.04940108586483,117.58217817275123,117.88580322265625,6866543,0.0,0.0
2025-08-26,117.63114535451851,118.30696366019085,114.98665128698636,115.79959106445312,7159088,0.0,0.0
2025-08-28,115.80938088451025,117.48422813471083,114.8201484703809,115.77999877929688,4935382,0.0,0.0
2025-08-29,117.0,119.77999877929688,115.70999908447266,116.04000091552734,9971109,2.43,0.0
2025-09-01,116.62000274658203,117.37999725341797,113.80999755859375,113.95999908447266,11949988,0.0,0.0
2025-09-02,114.30000305175781,116.73999786376953,114.16000366210938,115.31999969482422,5066937,0.0,0.0
2025-09-03,115.75,117.30999755859375,115.37999725341797,116.27999877929688,5610270,0.0,0.0
2025-09-04,117.4000015258789,117.9000015258789,114.33000183105469,114.70999908447266,5811631,0.0,0.0
2025-09-05,115.38999938964844,116.69999694824219,114.55999755859375,115.9000015258789,5174953,0.0,0.0
2025-09-08,116.58000183105469,116.9000015258789,115.62999725341797,116.08999633789062,2529138,0.0,0.0
2025-09-09,116.23999786376953,116.69000244140625,114.75,115.05999755859375,3455424,0.0,0.0
2025-09-10,115.69000244140625,117.18000030517578,113.0999984741211,114.3499984741211,10643164,0.0,0.0
2025-09-11,114.58000183105469,119.19999694824219,114.5,116.68000030517578,10440347,0.0,0.0
2025-09-12,116.98999786376953,117.4000015258789,115.48999786376953,116.30000305175781,6964514,0.0,0.0
2025-09-15,116.5,117.29000091552734,114.94999694824219,115.1500015258789,5869814,0.0,0.0
2025-09-16,115.6500015258789,116.97000122070312,115.0999984741211,115.48999786376953,5121518,0.0,0.0
2025-09-17,116.04000091552734,116.68000030517578,115.61000061035156,116.12000274658203,4348578,0.0,0.0
2025-09-18,116.56999969482422,116.95999908447266,115.19999694824219,115.63999938964844,3902720,0.0,0.0
2025-09-19,116.08999633789062,118.94999694824219,115.52999877929688,116.44999694824219,16560382,0.0,0.0
2025-09-22,116.44999694824219,121.80000305175781,116.44999694824219,119.91000366210938,14790652,0.0,0.0
2025-09-23,120.0,120.37999725341797,117.5999984741211,118.13999938964844,4470978,0.0,0.0
2025-09-24,117.93000030517578,118.37999725341797,115.80000305175781,116.08999633789062,4115775,0.0,0.0
2025-09-25,116.0999984741211,116.69000244140625,114.51000213623047,114.80999755859375,4032040,0.0,0.0
2025-09-26,114.80000305175781,115.37000274658203,112.22000122070312,112.58999633789062,7956971,0.0,0.0
2025-09-29,112.98999786376953,114.58999633789062,111.80000305175781,112.66999816894531,9346752,0.0,0.0
2025-09-30,112.76000213623047,113.36000061035156,111.93000030517578,112.37000274658203,6368511,0.0,0.0
2025-10-01,112.56999969482422,114.9800033569336,112.56999969482422,114.20999908447266,7496868,0.0,0.0
2025-10-03,114.48999786376953,115.06999969482422,112.62999725341797,113.9000015258789,6353842,0.0,0.0
2025-10-06,114.08999633789062,114.66999816894531,112.51000213623047,112.8499984741211,4576360,0.0,0.0
2025-10-07,113.08999633789062,113.58999633789062,111.83000183105469,112.38999938964844,6424767,0.0,0.0
2025-10-08,112.61000061035156,113.48999786376953,108.80000305175781,109.1500015258789,8005179,0.0,0.0
2025-10-09,110.0,110.79000091552734,109.36000061035156,109.8499984741211,6584549,0.0,0.0
2025-10-10,110.08999633789062,113.3499984741211,109.4000015258789,111.41999816894531,15127545,0.0,0.0
2025-10-13,111.58999633789062,111.80999755859375,110.0999984741211,110.55000305175781,3382586,0.0,0.0
2025-10-14,111.0,111.29000091552734,108.6500015258789,109.16000366210938,5028241,0.0,0.0
2025-10-15,109.5999984741211,110.48999786376953,108.20999908447266,109.91999816894531,6169897,0.0,0.0
2025-10-16,110.4000015258789,111.56999969482422,108.0199966430664,109.30999755859375,7326792,0.0,0.0
2025-10-17,108.0,108.0,104.55000305175781,105.37000274658203,15091842,0.0,0.0
2025-10-20,105.52999877929688,105.87999725341797,103.54000091552734,103.94000244140625,8468234,0.0,0.0
2025-10-21,104.69000244140625,105.48999786376953,103.94000244140625,104.51000213623047,1635887,0.0,0.0
2025-10-23,104.98999786376953,106.70999908447266,104.61000061035156,105.7300033569336,7211771,0.0,0.0
2025-10-24,105.7300033569336,106.45999908447266,104.41999816894531,104.7699966430664,7128570,0.0,0.0
2025-10-27,104.7699966430664,105.37000274658203,103.0,103.13999938964844,5677296,0.0,0.0
2025-10-28,103.31999969482422,103.7300033569336,102.61000061035156,102.83999633789062,6881885,0.0,0.0
2025-10-29,103.0,105.0999984741211,102.0999984741211,103.83000183105469,9480407,0.0,0.0
2025-10-30,103.83000183105469,104.58000183105469,101.80000305175781,101.9000015258789,8749059,0.0,0.0
2025-10-31,101.98999786376953,102.19000244140625,100.0,100.58000183105469,6432833,0.0,0.0
2025-11-03,100.69000244140625,101.58999633789062,100.30999755859375,100.58999633789062,5363997,0.0,0.0
2025-11-04,100.80000305175781,102.87999725341797,100.80000305175781,101.94999694824219,5199636,0.0,0.0
2025-11-06,101.9000015258789,102.0,99.5,99.80999755859375,3954189,0.0,0.0
2025-11-07,99.62999725341797,99.8499984741211,98.05000305175781,98.80000305175781,5748337,0.0,0.0
2025-11-10,99.0,99.76000213623047,97.41000366210938,97.58000183105469,4302033,0.0,0.0
2025-11-11,97.22000122070312,99.27999877929688,96.0199966430664,98.77999877929688,6435893,0.0,0.0
2025-11-12,98.8499984741211,104.55000305175781,98.73999786376953,103.41000366210938,14723732,0.0,0.0
2025-11-13,103.0999984741211,103.19999694824219,100.0,100.13999938964844,6888427,0.0,0.0
2025-11-14,100.19999694824219,101.5,99.80000305175781,100.4800033569336,6003220,0.0,0.0
2025-11-17,100.5199966430664,101.87000274658203,99.9000015258789,100.08999633789062,5042357,0.0,0.0
2025-11-18,100.08999633789062,100.19000244140625,99.27999877929688,99.63999938964844,3144486,0.0,0.0
2025-11-19,99.5999984741211,99.68000030517578,98.5,99.01000213623047,4328277,0.0,0.0
2025-11-20,99.08000183105469,99.5,98.19999694824219,98.37000274658203,3311415,0.0,0.0
2025-11-21,98.44999694824219,98.58000183105469,97.9000015258789,98.05999755859375,3435709,0.0,0.0
2025-11-24,98.05999755859375,99.44999694824219,97.0,98.25,6259026,0.0,0.0
2025-11-25,98.25,98.25,96.83999633789062,97.01000213623047,3433086,0.0,0.0
2025-11-26,97.3499984741211,98.0999984741211,97.30000305175781,97.83000183105469,4334251,0.0,0.0
2025-11-27,97.94999694824219,99.19999694824219,97.6500015258789,98.08999633789062,3858340,0.0,0.0
2025-11-28,98.19999694824219,104.5999984741211,97.3499984741211,101.47000122070312,26499011,0.0,0.0
2025-12-01,101.80000305175781,101.87999725341797,99.69999694824219,100.12000274658203,6839288,0.0,0.0
2025-12-02,99.55999755859375,100.30000305175781,96.9000015258789,97.8499984741211,5994154,0.0,0.0
2025-12-03,97.37000274658203,99.98999786376953,96.9000015258789,99.73999786376953,7467753,0.0,0.0
2025-12-04,99.5,99.97000122070312,97.5,97.83999633789062,3815282,0.0,0.0
2025-12-05,97.83999633789062,98.30000305175781,96.95999908447266,97.5,4089223,0.0,0.0
2025-12-08,97.58000183105469,98.38999938964844,93.33000183105469,93.66999816894531,7345939,0.0,0.0
2025-12-09,93.83999633789062,94.08000183105469,91.63999938964844,92.7300033569336,7585367,0.0,0.0
2025-12-10,92.9800033569336,95.22000122070312,92.7300033569336,93.36000061035156,5453197,0.0,0.0
2025-12-11,93.9000015258789,94.63999938964844,92.95999908447266,93.70999908447266,4094140,0.0,0.0
2025-12-12,94.0,95.44000244140625,93.69999694824219,94.16999816894531,5382146,0.0,0.0
2025-12-15,94.25,95.06999969482422,93.48999786376953,93.80999755859375,4780282,0.0,0.0
2025-12-16,93.80000305175781,94.25,92.5,92.7300033569336,4981500,0.0,0.0
2025-12-17,92.9000015258789,94.19999694824219,92.41000366210938,92.58999633789062,6563617,0.0,0.0
2025-12-18,92.8499984741211,93.18000030517578,89.81999969482422,90.4800033569336,9312385,0.0,0.0
2025-12-19,90.9800033569336,92.3499984741211,90.26000213623047,90.52999877929688,9262270,0.0,0.0
2025-12-22,91.18000030517578,93.16999816894531,91.12000274658203,91.91999816894531,7192902,0.0,0.0
2025-12-23,92.0999984741211,92.58999633789062,91.4000015258789,91.86000061035156,5468149,0.0,0.0
2025-12-24,92.0,93.62999725341797,91.66000366210938,91.80999755859375,8806313,0.0,0.0
2025-12-26,91.80999755859375,92.63999938964844,91.05000305175781,91.20999908447266,5028083,0.0,0.0
2025-12-29,91.5,91.87999725341797,90.30000305175781,90.73999786376953,4260529,0.0,0.0
2025-12-30,90.80000305175781,91.19999694824219,89.5199966430664,89.68000030517578,6796925,0.0,0.0
2025-12-31,89.9800033569336,90.69999694824219,89.80999755859375,89.95999908447266,5220393,0.0,0.0
2026-01-01,90.0,93.56999969482422,90.0,90.4800033569336,12575298,0.0,0.0
2026-01-02,90.69999694824219,91.30000305175781,90.22000122070312,91.12000274658203,7753613,0.0,0.0
2026-01-05,91.5,93.37999725341797,90.72000122070312,91.18000030517578,7224118,0.0,0.0
2026-01-06,91.30000305175781,92.0999984741211,90.91000366210938,91.63999938964844,6793472,0.0,0.0
2026-01-07,91.66000366210938,92.5999984741211,90.9000015258789,92.12000274658203,6725227,0.0,0.0
2026-01-08,92.25,92.77999877929688,90.22000122070312,90.58999633789062,5866176,0.0,0.0
2026-01-09,90.5999984741211,91.4000015258789,89.68000030517578,91.01000213623047,6671342,0.0,0.0
2026-01-12,91.0999984741211,91.11000061035156,88.72000122070312,89.93000030517578,7319819,0.0,0.0
2026-01-13,90.0,90.69000244140625,89.0,89.12999725341797,4630511,0.0,0.0
2026-01-14,89.18000030517578,90.87000274658203,89.18000030517578,90.29000091552734,3977563,0.0,0.0
2026-01-15,90.29000091552734,90.29000091552734,90.29000091552734,90.29000091552734,0,0.0,0.0
2026-01-16,90.29000091552734,90.66999816894531,89.30000305175781,89.5,3476581,0.0,0.0
2026-01-19,89.33000183105469,89.44000244140625,87.87999725341797,88.12000274658203,5135585,0.0,0.0
2026-01-20,88.0,88.1500015258789,83.31999969482422,83.83999633789062,9097728,0.0,0.0
2026-01-21,84.0,84.0,81.0,81.56999969482422,13061674,0.0,0.0
2026-01-22,82.73999786376953,86.3499984741211,82.73999786376953,85.06999969482422,13538686,0.0,0.0
2026-01-23,85.25,85.25,80.98999786376953,81.38999938964844,10783093,0.0,0.0
2026-01-27,81.66000366210938,81.97000122070312,78.4000015258789,79.29000091552734,9940017,0.0,0.0
2026-01-28,79.68000030517578,85.0,79.37000274658203,84.06999969482422,9330106,0.0,0.0
2026-01-29,83.9800033569336,84.41000366210938,81.77999877929688,82.55000305175781,5355226,0.0,0.0
2026-01-30,82.13999938964844,84.94999694824219,81.25,84.37999725341797,8612867,0.0,0.0
2026-02-02,81.36000061035156,82.69999694824219,79.5,81.16000366210938,7768187,0.0,0.0
2026-02-03,84.0,84.5,82.05999755859375,82.54000091552734,6995042,0.0,0.0
2026-02-04,82.48999786376953,85.4000015258789,81.75,84.80999755859375,9963281,0.0,0.0
2026-02-05,84.80999755859375,86.94999694824219,84.4000015258789,85.95999908447266,7481859,0.0,0.0
2026-02-06,86.0,90.0,85.55000305175781,89.37000274658203,13133948,0.0,0.0
2026-02-09,89.66000366210938,93.02999877929688,89.58999633789062,92.70999908447266,11068236,0.0,0.0
2026-02-10,92.70999908447266,94.5,92.0999984741211,93.6500015258789,7560819,0.0,0.0
2026-02-11,93.68000030517578,94.0,92.0999984741211,92.8499984741211,4330895,0.0,0.0
2026-02-12,92.8499984741211,94.63999938964844,91.56999969482422,93.72000122070312,9877993,0.0,0.0
2026-02-13,93.0,99.0999984741211,92.3499984741211,96.19999694824219,31429607,0.0,0.0
2026-02-16,96.19999694824219,98.81999969482422,94.19999694824219,94.7300033569336,6532538,0.0,0.0
2026-02-17,94.2300033569336,96.94000244140625,93.63999938964844,94.86000061035156,9892587,0.0,0.0
2026-02-18,94.86000061035156,95.54000091552734,93.91999816894531,94.7300033569336,3535326,0.0,0.0
2026-02-19,95.0,95.05000305175781,91.80999755859375,92.69999694824219,3474831,0.0,0.0
2026-02-20,91.75,93.29000091552734,90.0999984741211,90.69999694824219,8588086,0.0,0.0
2026-02-23,90.69999694824219,91.19999694824219,90.0999984741211,90.76000213623047,3432505,0.0,0.0
2026-02-24,90.94999694824219,91.05000305175781,87.47000122070312,88.04000091552734,4923322,0.0,0.0
2026-02-25,88.47000122070312,89.62000274658203,88.05000305175781,88.37999725341797,3416912,0.0,0.0
2026-02-26,88.37999725341797,88.44000244140625,87.08000183105469,87.4000015258789,3560107,0.0,0.0
2026-02-27,87.58999633789062,88.0,86.22000122070312,87.44999694824219,8404473,0.0,0.0
2026-03-02,85.22000122070312,86.19000244140625,83.51000213623047,84.19000244140625,6769406,0.0,0.0
2026-03-04,82.51000213623047,83.5,81.4000015258789,81.87999725341797,5303716,0.0,0.0
2026-03-05,82.01000213623047,83.58999633789062,80.80000305175781,82.38999938964844,6453805,0.0,0.0
2026-03-06,82.30000305175781,82.69000244140625,81.51000213623047,81.80999755859375,6607087,0.0,0.0
2026-03-09,79.0,81.5999984741211,78.5,80.05000305175781,7446207,0.0,0.0
2026-03-10,81.0,81.88999938964844,79.55000305175781,80.4000015258789,6037958,0.0,0.0
2026-03-11,80.4000015258789,83.87999725341797,80.22000122070312,80.4800033569336,11058224,0.0,0.0
2026-03-12,80.4800033569336,82.9000015258789,78.62000274658203,82.0199966430664,12516183,0.0,0.0
2026-03-13,82.0,82.0,77.5999984741211,78.05999755859375,8864905,0.0,0.0
2026-03-16,78.05999755859375,78.44999694824219,74.62999725341797,75.38999938964844,10377798,0.0,0.0
2026-03-17,75.8499984741211,76.27999877929688,74.63999938964844,75.30000305175781,7587081,0.0,0.0
2026-03-18,75.5,77.48999786376953,74.8499984741211,76.87999725341797,10632904,0.0,0.0
2026-03-19,75.88999938964844,75.94999694824219,73.51000213623047,73.94000244140625,6387905,0.0,0.0
2026-03-20,74.5,75.54000091552734,71.61000061035156,72.77999877929688,26483328,0.0,0.0
2026-03-23,71.98999786376953,71.98999786376953,68.0,68.38999938964844,15662966,0.0,0.0
2026-03-24,69.27999877929688,72.80000305175781,69.0,71.51000213623047,15346374,0.0,0.0
2026-03-25,72.01000213623047,77.27999877929688,71.72000122070312,75.95999908447266,27827877,0.0,0.0
2026-03-27,75.0,76.5,72.8499984741211,73.69000244140625,18597045,0.0,0.0
2026-03-30,72.0,76.69000244140625,71.16000366210938,72.13999938964844,18130263,0.0,0.0
2026-04-01,74.0,76.8499984741211,73.80000305175781,76.06999969482422,7477556,0.0,0.0
2026-04-02,74.23999786376953,74.6500015258789,72.37999725341797,74.12999725341797,9198767,0.0,0.0
2026-04-06,74.44999694824219,74.6500015258789,72.0999984741211,73.7300033569336,9489319,0.0,0.0
2026-04-07,73.69000244140625,74.73999786376953,73.08999633789062,73.56999969482422,7438911,0.0,0.0
2026-04-08,76.61000061035156,80.19000244140625,75.22000122070312,78.79000091552734,35920241,0.0,0.0
2026-04-09,79.0,82.19999694824219,78.0999984741211,79.19999694824219,19845981,0.0,0.0
2026-04-10,79.69999694824219,84.0,79.4000015258789,81.94000244140625,22740187,0.0,0.0
2026-04-13,79.81999969482422,81.30999755859375,78.36000061035156,79.88999938964844,14374718,0.0,0.0
2026-04-15,81.5999984741211,83.80000305175781,81.30000305175781,82.72000122070312,17756007,0.0,0.0
2026-04-16,83.55000305175781,84.44000244140625,79.16000366210938,80.19999694824219,32966412,0.0,0.0
2026-04-17,80.25,81.86000061035156,79.95999908447266,81.04000091552734,17454192,0.0,0.0
2026-04-20,81.30000305175781,89.19000244140625,80.3499984741211,87.5999984741211,71633339,0.0,0.0
2026-04-21,87.45999908447266,89.08999633789062,86.05999755859375,86.76000213623047,21715130,0.0,0.0
2026-04-22,86.4000015258789,88.69000244140625,86.1500015258789,87.58000183105469,14807336,0.0,0.0
2026-04-23,87.5,93.19999694824219,86.83999633789062,91.19000244140625,52256845,0.0,0.0
2026-04-24,91.0,92.13999938964844,86.63999938964844,88.0999984741211,14798633,0.0,0.0
2026-04-27,88.0999984741211,92.4000015258789,88.0999984741211,91.43000030517578,18890355,0.0,0.0
2026-04-28,91.41999816894531,94.3499984741211,90.63999938964844,92.95999908447266,16800160,0.0,0.0
2026-04-29,93.4000015258789,93.80000305175781,90.01000213623047,90.45999908447266,10022575,0.0,0.0
2026-04-30,89.6500015258789,90.80000305175781,88.0,89.73999786376953,9543093,0.0,0.0
2026-05-01,89.73999786376953,89.73999786376953,89.73999786376953,89.73999786376953,0,0.0,0.0
2026-05-04,90.08999633789062,92.37999725341797,89.58999633789062,90.81999969482422,7508796,0.0,0.0
2026-05-05,90.47000122070312,93.33999633789062,90.0,90.58000183105469,9289913,0.0,0.0
2026-05-06,91.04000091552734,96.0999984741211,89.91999816894531,94.52999877929688,29977350,0.0,0.0
2026-05-07,95.25,97.0,94.18000030517578,94.58000183105469,16080681,0.0,0.0
2026-05-08,94.19999694824219,96.25,93.94000244140625,95.11000061035156,15670286,0.0,0.0
2026-05-11,94.19999694824219,94.36000061035156,89.97000122070312,90.37000274658203,14605509,0.0,0.0
2026-05-12,90.37000274658203,90.75,85.4000015258789,86.12000274658203,15146708,0.0,0.0
2026-05-13,86.5,90.16999816894531,85.41000366210938,88.37999725341797,21773849,0.0,0.0
2026-05-14,89.0,91.33999633789062,88.5199966430664,90.62000274658203,10555948,0.0,0.0
2026-05-15,90.9000015258789,90.91999816894531,87.5,88.33999633789062,7489723,0.0,0.0
2026-05-18,87.68000030517578,87.68000030517578,82.43000030517578,84.56999969482422,18114915,0.0,0.0
2026-05-19,84.70999908447266,88.45999908447266,84.70999908447266,87.68000030517578,8880197,0.0,0.0
2026-05-20,83.0,85.27999877929688,81.81999969482422,82.94999694824219,32621116,0.0,0.0
2026-05-21,83.26000213623047,84.87999725341797,82.69999694824219,83.41999816894531,10403040,0.0,0.0
2026-05-22,83.8499984741211,84.0999984741211,81.87000274658203,82.12999725341797,7469610,0.0,0.0
2026-05-25,82.93000030517578,84.75,82.37999725341797,82.68000030517578,8871000,0.0,0.0
2026-05-26,83.08000183105469,84.58999633789062,82.51000213623047,82.77999877929688,6639254,0.0,0.0
2026-05-27,83.69999694824219,92.98999786376953,83.18000030517578,91.45999908447266,122229243,0.0,0.0
2026-05-28,91.45999908447266,91.45999908447266,91.45999908447266,91.45999908447266,0,0.0,0.0
2026-05-29,92.19999694824219,95.45999908447266,90.5999984741211,93.11000061035156,42532141,0.0,0.0
2026-06-01,94.0999984741211,99.80000305175781,92.54000091552734,95.79000091552734,92286105,0.0,0.0
2026-06-02,94.38999938964844,97.38999938964844,92.69999694824219,94.31999969482422,29387604,0.0,0.0
2026-06-03,94.19999694824219,95.19999694824219,91.31999969482422,94.5,21003654,0.0,0.0
2026-06-04,94.0,107.5,93.51000213623047,104.41999816894531,80466080,0.0,0.0
2026-06-05,107.0,113.69999694824219,106.12000274658203,112.2699966430664,230280587,0.0,0.0
2026-06-08,113.0,117.19999694824219,109.4000015258789,111.08999633789062,135948580,0.0,0.0
2026-06-09,111.11000061035156,111.9000015258789,106.66000366210938,107.62000274658203,42715992,0.0,0.0
2026-06-10,108.25,110.48999786376953,102.25,102.93000030517578,49980653,0.0,0.0
2026-06-11,103.0,112.88999938964844,102.94999694824219,111.44999694824219,147507343,0.0,0.0
2026-06-12,113.19000244140625,114.94999694824219,109.0,112.5999984741211,86798974,0.0,0.0
2026-06-15,113.0,114.01000213623047,107.29000091552734,108.48999786376953,41711971,0.0,0.0
2026-06-16,109.5,113.75,108.2699966430664,111.19000244140625,52031423,0.0,0.0
2026-06-17,111.80000305175781,112.80000305175781,109.55000305175781,109.97000122070312,23844626,0.0,0.0
2026-06-18,110.63999938964844,114.4000015258789,109.75,111.77999877929688,46243980,0.0,0.0
2026-06-19,112.0,117.79000091552734,110.66000366210938,113.36000061035156,75042015,0.0,0.0
2026-06-22,114.0,117.6500015258789,113.5,115.75,38133230,0.0,0.0
2026-06-23,116.48999786376953,118.3499984741211,113.56999969482422,114.86000061035156,30899988,0.0,0.0
2026-06-24,115.0999984741211,116.0,111.91999816894531,115.4800033569336,23013188,0.0,0.0
2026-06-25,116.0999984741211,116.9800033569336,110.0,111.36000061035156,24635497,0.0,0.0
2026-06-26,111.36000061035156,111.36000061035156,111.36000061035156,111.36000061035156,0,0.0,0.0
2026-06-29,111.98999786376953,112.08000183105469,106.5,107.31999969482422,19277445,0.0,0.0
2026-06-30,107.5,107.7300033569336,103.11000061035156,103.51000213623047,26871047,0.0,0.0
2026-07-01,105.0,112.25,104.5999984741211,108.30999755859375,65730657,0.0,0.0
2026-07-02,108.0,108.44999694824219,103.5199966430664,107.16000366210938,51620794,0.0,0.0
2026-07-03,107.55999755859375,109.19999694824219,104.01000213623047,105.08999633789062,18164311,0.0,0.0
2026-07-06,105.37000274658203,105.69999694824219,100.98999786376953,101.8499984741211,20921812,0.0,0.0
2026-07-07,102.36000061035156,104.58999633789062,100.30000305175781,102.37000274658203,26972652,0.0,0.0
2026-07-08,101.69999694824219,102.37000274658203,98.5999984741211,99.55999755859375,23255860,0.0,0.0
2026-07-09,99.80000305175781,101.38999938964844,98.44000244140625,99.79000091552734,16333504,0.0,0.0
2026-07-10,100.5999984741211,101.95999908447266,96.79000091552734,97.47000122070312,21186362,0.0,0.0
2026-07-13,97.05000305175781,101.69999694824219,96.30000305175781,101.33000183105469,26171393,0.0,0.0
2026-07-14,101.4000015258789,105.79000091552734,99.69999694824219,103.12000274658203,36573941,0.0,0.0
2026-07-15,103.5999984741211,103.8499984741211,101.05999755859375,101.8499984741211,11579584,0.0,0.0
2026-07-16,101.93000030517578,106.48999786376953,100.13999938964844,105.81999969482422,39701486,0.0,0.0
2026-07-17,105.69999694824219,109.0,103.55000305175781,107.4000015258789,26326566,0.0,0.0
2026-07-20,107.0,109.5999984741211,106.05000305175781,107.33999633789062,19249362,0.0,0.0
2026-07-21,107.5,109.8499984741211,106.51000213623047,107.58000183105469,13385815,0.0,0.0
2026-07-22,107.0,107.63999938964844,105.0,105.38999938964844,11839197,0.0,0.0
2026-07-23,105.38999938964844,105.4000015258789,102.80000305175781,103.41999816894531,10518662,0.0,0.0
2026-07-24,102.80000305175781,106.9000015258789,101.19999694824219,105.45999908447266,13489797,0.0,0.0
2026-07-27,106.0,109.5,105.80000305175781,108.86000061035156,15284220,0.0,0.0
2026-07-28,109.1500015258789,110.19999694824219,106.25,107.56999969482422,13030601,0.0,0.0
2026-07-29,108.01000213623047,108.58000183105469,106.26000213623047,108.12999725341797,10287458,0.0,0.0
2026-07-30,108.0,113.69999694824219,106.5199966430664,112.20999908447266,27156787,0.0,0.0
2026-07-31,113.0999984741211,117.31999969482422,112.4000015258789,114.55000305175781,61736966,0.0,0.0
2026-08-03,103.0,106.69999694824219,95.55000305175781,98.13999938964844,107649848,0.0,0.0
2026-08-04,99.0,100.80000305175781,98.05000305175781,99.55000305175781,27006787,0.0,0.0
2026-08-05,100.37999725341797,101.5,94.08999633789062,94.55000305175781,33657854,0.0,0.0
2026-08-06,95.0,96.0,92.0,92.56999969482422,30094304,0.0,0.0
2026-08-07,93.0,95.5999984741211,92.56999969482422,94.19000244140625,21179751,0.0,0.0
2026-08-10,95.79000091552734,95.79000091552734,93.36000061035156,94.41999816894531,15355393,0.0,0.0
2026-08-11,90.0,93.94000244140625,90.0,91.55999755859375,25485672,0.0,0.0
2026-08-12,92.5,98.8499984741211,90.26000213623047,97.5199966430664,45453756,0.0,0.0
2026-08-13,97.55000305175781,99.25,95.33000183105469,96.75,27199751,0.0,0.0
2026-08-14,97.0,104.73999786376953,95.45999908447266,102.27999877929688,111249116,0.0,0.0
2026-08-17,102.44000244140625,107.19999694824219,101.01000213623047,104.87000274658203,56021626,0.0,0.0
2026-08-18,104.87000274658203,106.94999694824219,103.5,105.31999969482422,24564113,0.0,0.0
2026-08-19,105.30999755859375,105.87999725341797,101.25,102.22000122070312,15205589,0.0,0.0
